Time (s), Liquid Mass (kg)  ,  Chamber Pressure (PSI), Thrust (N), Mass Flow Rate (kg/s)
0,14.3807,350,3.60786e+06,56.1934
0.1,8.76131,350,3.60786e+06,56.1934
0.2,3.14197,350,3.60786e+06,56.1934
0.3,-2.47737,350,3.60786e+06,56.1934
