Time (s), Liquid Mass   ,  Chamber Pressure , Thrust , Mass Flow Rate 
00007FF692C5D800,14.3807,350
00007FF692C5D800,8.76131,350
00007FF692C5D800,3.14197,350
00007FF692C5D800,-2.47737,350
